{"cameraMode":{"drawMode":0,"name":"Shaded","section":"Shading Mode"},"sceneLighting":true,"audioPlay":false,"sceneViewState":{"showFog":true,"showMaterialUpdate":false,"showSkybox":true,"showFlares":true,"showImageEffects":true,"showParticleSystems":true},"in2DMode":false,"pivot":{"x":-88.73209381103516,"y":-0.24404668807983399,"z":97.95352172851563},"rotation":{"x":0.1516178995370865,"y":-0.11800428479909897,"z":0.018233919516205789,"w":0.981203019618988},"size":27.212247848510743,"orthographic":false}