{"cameraMode":{"drawMode":0,"name":"Shaded","section":"Shading Mode"},"sceneLighting":false,"audioPlay":false,"sceneViewState":{"showFog":true,"showMaterialUpdate":true,"showSkybox":true,"showFlares":true,"showImageEffects":true,"showParticleSystems":true},"in2DMode":false,"pivot":{"x":-1.960736632347107,"y":-3.9241583347320558,"z":13.678298950195313},"rotation":{"x":-0.1405014544725418,"y":0.021689975634217264,"z":-0.0030706177931278946,"w":-0.9898481369018555},"size":6.526706695556641,"orthographic":false}