{"cameraMode":{"drawMode":0,"name":"Shaded","section":"Shading Mode"},"sceneLighting":false,"audioPlay":false,"sceneViewState":{"showFog":true,"showMaterialUpdate":true,"showSkybox":true,"showFlares":true,"showImageEffects":true,"showParticleSystems":true},"in2DMode":false,"pivot":{"x":1.302140235900879,"y":-3.0543935298919679,"z":22.762739181518556},"rotation":{"x":0.17714227735996247,"y":0.25566366314888,"z":-0.0477127805352211,"w":0.9492020606994629},"size":16.671113967895509,"orthographic":false}