{"cameraMode":{"drawMode":0,"name":"Shaded","section":"Shading Mode"},"sceneLighting":false,"audioPlay":false,"sceneViewState":{"showFog":true,"showMaterialUpdate":true,"showSkybox":true,"showFlares":true,"showImageEffects":true,"showParticleSystems":true},"in2DMode":false,"pivot":{"x":-10.233965873718262,"y":-23.815326690673829,"z":59.8766975402832},"rotation":{"x":-0.20543164014816285,"y":0.030247561633586885,"z":-0.0063407584093511108,"w":-0.978204071521759},"size":43.591670989990237,"orthographic":false}